analyte_id,analyte_id_ordered,nelisa_analyte_name,nelisa_id,nelisa_analyte_id,meas_unit_type,uniprot_id_1,uniprot_id_2,gene_id_1,gene_id_2,nsu_max_4pl,pgml_llod,pgml_ulod,analyte comments
Activin A [NSU],1,Activin A,nEL01601,1,NSU,P08476,,,,124.5809,,,
ADAM10 [NSU],2,ADAM10,nEL02541,2,NSU,O14672,,,,108.3735,,,
ADAM17 (TACE) [NSU],3,ADAM17 (TACE),nEL02951,3,NSU,P78536,,,,90.64006,,,
ADAM28 [NSU],4,ADAM28,nEL03451,4,NSU,Q9UKQ2,,,,37.14585,,,
ADAM9 [NSU],5,ADAM9,nEL03051,5,NSU,Q13443,,,,221.679,,,
ADAM-TS 1 [NSU],6,ADAM-TS 1,nEL03441,6,NSU,Q9UHI8,,,,289.6247,,,
ADAM-TS 5 [NSU],7,ADAM-TS 5,nEL03461,7,NSU,Q9UNA0,,,,96.40337,,,
Adiponectin [NSU],8,Adiponectin,nEL03131,8,NSU,Q15848,,,,110.8894,,,
AITRL (GITR Ligand) [NSU],9,AITRL (GITR Ligand),nEL01701,9,NSU,Q9UNG2,,,,139.4535,,,
ANGPT1 [NSU],10,ANGPT1,nEL03101,10,NSU,Q15389,,,,148.3442,,,
ANGPTL3 [NSU],11,ANGPTL3,nEL03471,11,NSU,Q9Y5C1,,,,110.1656,,,
ANGPTL4 [NSU],12,ANGPTL4,nEL03311,12,NSU,Q9BY76,,,,156.1042,,,
ANGPTL7 [NSU],13,ANGPTL7,nEL02571,13,NSU,O43827,,,,65.7704,,,
APP [NSU],14,APP,nEL02161,14,NSU,P05067,,,,174.2187,,,
APRIL [NSU],15,APRIL,nEL00011,15,NSU,O75888,,,,58.63541,,,
AREG [NSU],16,AREG,nEL02061,16,NSU,P15514,,,,114.4563,,,
BAFF [NSU],17,BAFF,nEL00021,17,NSU,Q9Y275,,,,68.14279,,,
BCMA [NSU],18,BCMA,nEL02051,18,NSU,Q02223,,,,194.1639,,,
BMP2 [NSU],19,BMP2,nEL01651,19,NSU,P12643,,,,41.66497,,,
BMP3 [NSU],20,BMP3,nEL01661,20,NSU,P12645,,,,50.25681,,,
BMP4 [NSU],21,BMP4,nEL01671,21,NSU,P12644,,,,123.0878,,,
BMP6 [NSU],22,BMP6,nEL01681,22,NSU,P22004,,,,48.49687,,,
BMP7 [NSU],23,BMP7,nEL01691,23,NSU,P18075,,,,151.9384,,,
BMP9 [NSU],24,BMP9,nEL02071,24,NSU,Q9UK05,,,,200.9479,,,
Brevican [NSU],25,Brevican,nEL03251,25,NSU,Q96GW7,,,,135.7523,,,
C5/C5a [NSU],26,C5/C5a,nEL01951,26,NSU,P01031,,,,48.04057,,,
Calbindin [NSU],27,Calbindin,nEL01311,27,NSU,P05937,,,,142.3664,,,
CCL11 [NSU],28,CCL11,nEL00111,28,NSU,P51671,,,,55.62871,,,
CCL13 [NSU],29,CCL13,nEL00122,29,NSU,Q99616,,,,110.4728,,,
CCL14 [NSU],30,CCL14,nEL00131,30,NSU,Q16627,,,,46.39949,,,
CCL15 [NSU],31,CCL15,nEL00141,31,NSU,Q16663,,,,137.0637,,,
CCL16 [NSU],32,CCL16,nEL00151,32,NSU,O15467,,,,35.45651,,,
CCL17 [NSU],33,CCL17,nEL00161,33,NSU,Q92583,,,,59.20232,,,
CCL18 [NSU],34,CCL18,nEL00172,34,NSU,P55774,,,,149.9984,,,
CCL19 [NSU],35,CCL19,nEL00181,35,NSU,Q99731,,,,192.2887,,,
CCL2 [NSU],36,CCL2,nEL00051,36,NSU,P13500,,,,121.5646,,,
CCL20 [NSU],37,CCL20,nEL00191,37,NSU,P78556,,,,79.66255,,,
CCL21 [NSU],38,CCL21,nEL00201,38,NSU,O00585,,,,163.3838,,,
CCL23 [NSU],39,CCL23,nEL00221,39,NSU,P55773,,,,126.7356,,,
CCL24 [NSU],40,CCL24,nEL00231,40,NSU,O00175,,,,152.8018,,,
CCL25 [NSU],41,CCL25,nEL00241,41,NSU,O15444,,,,72.40818,,,
CCL27 [NSU],42,CCL27,nEL00261,42,NSU,Q9Y4X3,,,,90.56395,,,
CCL28 [NSU],43,CCL28,nEL00271,43,NSU,Q9NRJ3,,,,94.11359,,,
CCL3 [NSU],44,CCL3,nEL00061,44,NSU,P10147,,,,173.6074,,,
CCL4 [NSU],45,CCL4,nEL00071,45,NSU,P13236,,,,211.1776,,,
CCL5 [NSU],46,CCL5,nEL00081,46,NSU,P13501,,,,147.4764,,,
CCL7 [NSU],47,CCL7,nEL00091,47,NSU,P80098,,,,102.5643,,,
CD14 [NSU],48,CD14,nEL02251,48,NSU,P08571,,,,79.10691,,,
CD163 [NSU],49,CD163,nEL01471,49,NSU,Q86VB7,,,,56.16901,,,
CD209 antigen [NSU],50,CD209 antigen,nEL03351,50,NSU,Q9NNX6,,,,140.9204,,,
CD276 (B7-H3) [NSU],51,CD276 (B7-H3),nEL01321,51,NSU,Q5ZPR3,,,,72.9592,,,
CD27L [NSU],52,CD27L,nEL01751,52,NSU,P32970,,,,268.0496,,,
CD40L [NSU],53,CD40L,nEL00291,53,NSU,P29965,,,,261.4071,,,
CD80 (B7-1) [NSU],54,CD80 (B7-1),nEL02911,54,NSU,P33681,,,,127.1168,,,
CD86 (B7-2) [NSU],55,CD86 (B7-2),nEL03191,55,NSU,P42081,,,,169.6171,,,
CHI3L1 [NSU],56,CHI3L1,nEL02681,56,NSU,P36222,,,,67.86449,,,
Chymase [NSU],57,Chymase,nEL02851,57,NSU,P23946,,,,33.3967,,,
CLC [NSU],58,CLC,nEL03411,58,NSU,Q9UBD9,,,,61.48469,,,
CNTF [NSU],59,CNTF,nEL02041,59,NSU,P26441,,,,100.8833,,,
CRP [NSU],60,CRP,nEL00301,60,NSU,P02741,,,,133.1721,,,
CX3CL1 [NSU],61,CX3CL1,nEL00491,61,NSU,P78423,,,,122.4861,,,
CXCL1 [NSU],62,CXCL1,nEL00311,62,NSU,P09341,,,,153.3536,,,
CXCL10 [NSU],63,CXCL10,nEL00391,63,NSU,P02778,,,,92.90259,,,
CXCL11 [NSU],64,CXCL11,nEL00401,64,NSU,O14625,,,,112.2602,,,
CXCL12 (alpha) [NSU],65,CXCL12 (alpha),nEL00411,65,NSU,P48061,,,,85.07235,,,
CXCL12 (beta) [NSU],66,CXCL12 (beta),nEL02271,66,NSU,P48061,,,,61.57839,,,
CXCL13 [NSU],67,CXCL13,nEL00421,67,NSU,O43927,,,,37.39246,,,
CXCL14 [NSU],68,CXCL14,nEL00431,68,NSU,O95715,,,,107.3037,,,
CXCL16 [NSU],69,CXCL16,nEL00441,69,NSU,Q9H2A7,,,,88.20719,,,
CXCL17 [NSU],70,CXCL17,nEL00452,70,NSU,Q6UXB2,,,,69.43409,,,
CXCL3 [NSU],71,CXCL3,nEL00331,71,NSU,P19876,,,,35.82448,,,
CXCL4 [NSU],72,CXCL4,nEL00341,72,NSU,P02776,,,,118.6818,,,
CXCL5 [NSU],73,CXCL5,nEL00351,73,NSU,P42830,,,,159.0502,,,
CXCL6 [NSU],74,CXCL6,nEL00361,74,NSU,P80162,,,,55.76205,,,
CXCL7 [NSU],75,CXCL7,nEL00371,75,NSU,P02775,,,,71.72249,,,
CXCL9 [NSU],76,CXCL9,nEL00381,76,NSU,Q07325,,,,100.5974,,,
Cytochrome C [NSU],77,Cytochrome C,nEL02211,77,NSU,P99999,,,,283.9947,,,
Decorin [NSU],78,Decorin,nEL02641,78,NSU,P07585,,,,130.8764,,,
DPP4 (CD26) [NSU],79,DPP4 (CD26),nEL02891,79,NSU,P27487,,,,85.05378,,,
DR3 [NSU],80,DR3,nEL03371,80,NSU,Q93038,,,,94.29635,,,
DR4 (TRAIL R1) [NSU],81,DR4 (TRAIL R1),nEL02531,81,NSU,O00220,,,,161.7526,,,
DR6 [NSU],82,DR6,nEL02601,82,NSU,O75509,,,,377.3528,,,
ECM1 [NSU],83,ECM1,nEL03141,83,NSU,Q16610,,,,123.8985,,,
EGF [NSU],84,EGF,nEL00461,84,NSU,P01133,,,,129.6609,,,
EGFR [NSU],85,EGFR,nEL01801,85,NSU,P00533,,,,220.3647,,,
ELA2 [NSU],86,ELA2,nEL02661,86,NSU,P08246,,,,216.04,,,
EMMPRIN [NSU],87,EMMPRIN,nEL01351,87,NSU,P35613,,,,175.6403,,,
Endoglin (CD105) [NSU],88,Endoglin (CD105),nEL02801,88,NSU,P17813,,,,111.3647,,,
E-Selectin (CD62E) [NSU],89,E-Selectin (CD62E),nEL02791,89,NSU,P16581,,,,161.9561,,,
FAS [NSU],90,FAS,nEL02881,90,NSU,P25445,,,,118.7446,,,
FAS-L [NSU],91,FAS-L,nEL01721,91,NSU,P48023,,,,284.0164,,,
Fetuin-B [NSU],92,Fetuin-B,nEL03421,92,NSU,Q9UGM5,,,,67.53581,,,
FGF-1 [NSU],93,FGF-1,nEL00471,93,NSU,P05230,,,,61.02313,,,
FGF-19 [NSU],94,FGF-19,nEL02141,94,NSU,O95750,,,,166.6833,,,
FGF-2 [NSU],95,FGF-2,nEL00481,95,NSU,P09038,,,,121.8083,,,
FGF-21 [NSU],96,FGF-21,nEL02191,96,NSU,Q9NSA1,,,,321.1139,,,
FGF-4 [NSU],97,FGF-4,nEL02101,97,NSU,P08620,,,,43.83781,,,
FGF-6 [NSU],98,FGF-6,nEL02111,98,NSU,P10767,,,,69.15423,,,
FGF-7 (KGF) [NSU],99,FGF-7 (KGF),nEL02131,99,NSU,P21781,,,,135.8656,,,
FGF-9 [NSU],100,FGF-9,nEL02121,100,NSU,P31371,,,,244.3764,,,
FGFR3 (IIIc) [NSU],101,FGFR3 (IIIc),nEL01362,101,NSU,P22607,,,,92.0875,,,
Fibulin-3 [NSU],102,Fibulin-3,nEL03021,102,NSU,Q12805,,,,172.7977,,,
Ficolin-2 [NSU],103,Ficolin-2,nEL03111,103,NSU,Q15485,,,,177.442,,,
FLRG (FSTL3) [NSU],104,FLRG (FSTL3),nEL02021,104,NSU,O95633,,,,100.3067,,,
Flt-3 [NSU],105,Flt-3,nEL02691,105,NSU,P36888,,,,92.25458,,,
Flt-3 Ligand [NSU],106,Flt-3 Ligand,nEL01771,106,NSU,P49771,,,,162.2379,,,
Galectin-1 [NSU],107,Galectin-1,nEL02721,107,NSU,P09382,,,,70.95376,,,
Galectin-3 [NSU],108,Galectin-3,nEL02811,108,NSU,P17931,,,,79.33617,,,
Galectin-9 [NSU],109,Galectin-9,nEL02521,109,NSU,O00182,,,,84.93816,,,
GAS6 [NSU],110,GAS6,nEL03071,110,NSU,Q14393,,,,191.8001,,,
G-CSF [NSU],111,G-CSF,nEL00501,111,NSU,P09919,,,,99.31543,,,
GDF-11 (BMP-11) [NSU],112,GDF-11 (BMP-11),nEL01791,112,NSU,O95390,,,,154.3229,,,
GDF-15 (MIC-1) [NSU],113,GDF-15 (MIC-1),nEL01981,113,NSU,Q99988,,,,162.7012,,,
GDNF [NSU],114,GDNF,nEL02031,114,NSU,P39905,,,,197.9522,,,
GH1 [NSU],115,GH1,nEL01421,115,NSU,P01241,,,,218.6005,,,
GITR [NSU],116,GITR,nEL03481,116,NSU,Q9Y5U5,,,,76.65834,,,
GM-CSF [NSU],117,GM-CSF,nEL00511,117,NSU,P04141,,,,136.7353,,,
Granzyme B [NSU],118,Granzyme B,nEL00531,118,NSU,P10144,,,,41.62237,,,
HGF [NSU],119,HGF,nEL00542,119,NSU,P14210,,,,235.3382,,,
HGF R (c-MET) [NSU],120,HGF R (c-MET),nEL02671,120,NSU,P08581,,,,95.34693,,,
HVEM [NSU],121,HVEM,nEL00551,121,NSU,Q92956,,,,297.83,,,
ICAM-1 [NSU],122,ICAM-1,nEL00561,122,NSU,P05362,,,,106.8403,,,
ICAM-2 [NSU],123,ICAM-2,nEL00571,123,NSU,P13598,,,,141.8253,,,
ICOSL (B7-H2) [NSU],124,ICOSL (B7-H2),nEL02591,124,NSU,O75144,,,,71.5958,,,
IFN alpha 2 [NSU],125,IFN alpha 2,nEL01761,125,NSU,P01563,,,,122.1284,,,
IFN beta [NSU],126,IFN beta,nEL00591,126,NSU,P01574,,,,76.35864,,,
IFN-epsilon [NSU],127,IFN-epsilon,nEL02221,127,NSU,Q86WN2,,,,153.9795,,,
IFN gamma [NSU],128,IFN gamma,nEL00603,128,NSU,P01579,,,,216.0424,,,
IGF-1 [NSU],129,IGF-1,nEL01731,129,NSU,P05019,,,,23.40032,,,
IGFBP-3 [NSU],130,IGFBP-3,nEL02821,130,NSU,P17936,,,,102.5645,,,
IGFBP-6 [NSU],131,IGFBP-6,nEL02871,131,NSU,P24592,,,,121.7339,,,
IL-10 [NSU],132,IL-10,nEL00742,132,NSU,P22301,,,,233.1485,,,
IL-10 RB [NSU],133,IL-10 RB,nEL03011,133,NSU,Q08334,,,,113.4336,,,
IL-11 [NSU],134,IL-11,nEL01641,134,NSU,P20809,,,,130.8817,,,
IL-12 p35 [NSU],135,IL-12 p35,nEL02311,135,NSU,P29459,,,,91.40665,,,
IL-12 p40 [NSU],136,IL-12 p40,nEL00752,136,NSU,P29460,,,,102.3724,,,
IL-12 p70 [NSU],137,IL-12 p70,nEL00761,137,NSU,P29459,,,,130.7316,,,
IL-12 RB [NSU],138,IL-12 RB,nEL03201,138,NSU,P42701,,,,61.14253,,,
IL-13 [NSU],139,IL-13,nEL02511,139,NSU,P35225,,,,123.491,,,
IL-15 [NSU],140,IL-15,nEL00781,140,NSU,P40933,,,,205.7314,,,
IL-15/IL-15RA complex [NSU],141,IL-15/IL-15RA complex,nEL01781,141,NSU,P40933,,,,112.9561,,,
IL-16 [NSU],142,IL-16,nEL00791,142,NSU,Q14005,,,,147.6147,,,
IL-17A [NSU],143,IL-17A,nEL00801,143,NSU,Q16552,,,,221.2997,,,
IL-17B [NSU],144,IL-17B,nEL00811,144,NSU,Q9UHF5,,,,95.85307,,,
IL-17C [NSU],145,IL-17C,nEL00821,145,NSU,Q9P0M4,,,,292.099,,,
IL-17D [NSU],146,IL-17D,nEL00831,146,NSU,Q8TAD2,,,,161.9067,,,
IL-17E (IL-25) [NSU],147,IL-17E (IL-25),nEL02261,147,NSU,Q9H293,,,,221.6881,,,
IL-17F [NSU],148,IL-17F,nEL00841,148,NSU,Q96PD4,,,,167.2873,,,
IL-18 [NSU],149,IL-18,nEL00621,149,NSU,Q14116,,,,101.6032,,,
IL-1 alpha [NSU],150,IL-1 alpha,nEL00612,150,NSU,P01583,,,,180.9379,,,
IL-1 beta [NSU],151,IL-1 beta,nEL00852,151,NSU,P01584,,,,111.118,,,
IL-1 RA [NSU],152,IL-1 RA,nEL00641,152,NSU,P14778,,,,153.9668,,,
IL-1 RAcP [NSU],153,IL-1 RAcP,nEL03391,153,NSU,Q9NPH3,,,,124.6639,,,
IL-1 RA/RN [NSU],154,IL-1 RA/RN,nEL00631,154,NSU,P18510,,,,92.68433,,,
IL-1 RB [NSU],155,IL-1 RB,nEL02901,155,NSU,P27930,,,,87.64464,,,
IL-2 [NSU],156,IL-2,nEL00651,156,NSU,P60568,,,,145.4823,,,
IL-21 [NSU],157,IL-21,nEL00871,157,NSU,Q9HBE4,,,,162.311,,,
IL-22 [NSU],158,IL-22,nEL00881,158,NSU,Q9GZX6,,,,127.9892,,,
IL-22 BP [NSU],159,IL-22 BP,nEL00891,159,NSU,Q969J5,,,,50.94616,,,
IL-23 [NSU],160,IL-23,nEL00901,160,NSU,Q9NPF7,,,,124.794,,,
IL-24 [NSU],161,IL-24,nEL01611,161,NSU,Q13007,,,,180.5658,,,
IL-27 [NSU],162,IL-27,nEL00911,162,NSU,Q8NEV9,,,,177.2236,,,
IL-28A [NSU],163,IL-28A,nEL00921,163,NSU,Q8IZJ0,,,,110.763,,,
IL-29 [NSU],164,IL-29,nEL00931,164,NSU,Q8IU54,,,,50.13096,,,
IL-2 RA (CD25) [NSU],165,IL-2 RA (CD25),nEL00661,165,NSU,P01589,,,,92.93315,,,
IL-3 [NSU],166,IL-3,nEL00671,166,NSU,P08700,,,,37.83281,,,
IL-31 [NSU],167,IL-31,nEL00941,167,NSU,Q6EBC2,,,,325.7611,,,
IL-32 [NSU],168,IL-32,nEL00951,168,NSU,P24001,,,,123.3884,,,
IL-33 [NSU],169,IL-33,nEL00961,169,NSU,O95760,,,,197.0397,,,
IL-33 R (ST2) [NSU],170,IL-33 R (ST2),nEL02181,170,NSU,Q01638,,,,53.12894,,,
IL-35 [NSU],171,IL-35,nEL00971,171,NSU,Q14213,,,,105.6705,,,
IL-36 alpha [NSU],172,IL-36 alpha,nEL03431,172,NSU,Q9UHA7,,,,150.4673,,,
IL-36 R [NSU],173,IL-36 R,nEL03341,173,NSU,Q9HB29,,,,131.2872,,,
IL-4 [NSU],174,IL-4,nEL00682,174,NSU,P05112,,,,103.4345,,,
IL-4 RA [NSU],175,IL-4 RA,nEL02861,175,NSU,P24394,,,,47.5942,,,
IL-5 [NSU],176,IL-5,nEL00691,176,NSU,P05113,,,,113.8507,,,
IL-6 [NSU],177,IL-6,nEL00702,177,NSU,P05231,,,,127.9737,,,
IL-6 RA (gp80) [NSU],178,IL-6 RA (gp80),nEL01521,178,NSU,P08887,,,,127.364,,,
IL-7 [NSU],179,IL-7,nEL00711,179,NSU,P13232,,,,98.41264,,,
IL-8 [NSU],180,IL-8,nEL00722,180,NSU,P10145,,,,117.1917,,,
IL-9 [NSU],181,IL-9,nEL00731,181,NSU,P15248,,,,189.8429,,,
Kit (CD117) [NSU],182,Kit (CD117),nEL02741,182,NSU,P10721,,,,150.4121,,,
Leptin [NSU],183,Leptin,nEL01631,183,NSU,P41159,,,,159.4651,,,
LIF [NSU],184,LIF,nEL00981,184,NSU,P15018,,,,148.7357,,,
LOX1 (OLR1) [NSU],185,LOX1 (OLR1),nEL01541,185,NSU,P78380,,,,228.5253,,,
L-selectin (CD62L) [NSU],186,L-selectin (CD62L),nEL02771,186,NSU,P14151,,,,96.20338,,,
MBP-C [NSU],187,MBP-C,nEL02751,187,NSU,P11226,,,,113.4765,,,
M-CSF [NSU],188,M-CSF,nEL00992,188,NSU,P09603,,,,203.071,,,
M-CSF R (CD115) [NSU],189,M-CSF R (CD115),nEL01961,189,NSU,P07333,,,,116.3063,,,
Mesothelin [NSU],190,Mesothelin,nEL01381,190,NSU,Q13421,,,,210.3156,,,
MIF [NSU],191,MIF,nEL01001,191,NSU,P14174,,,,108.9099,,,
MMP-1 [NSU],192,MMP-1,nEL01011,192,NSU,P03956,,,,156.082,,,
MMP-10 [NSU],193,MMP-10,nEL01061,193,NSU,P09238,,,,118.2807,,,
MMP-12 [NSU],194,MMP-12,nEL01071,194,NSU,P39900,,,,134.6039,,,
MMP-13 [NSU],195,MMP-13,nEL03221,195,NSU,P45452,,,,100.7667,,,
MMP-3 [NSU],196,MMP-3,nEL01031,196,NSU,P08254,,,,211.9653,,,
MMP-7 [NSU],197,MMP-7,nEL01041,197,NSU,P09237,,,,128.0253,,,
MMP-9 [NSU],198,MMP-9,nEL01051,198,NSU,P14780,,,,98.88615,,,
NF-L [NSU],199,NF-L,nEL02151,199,NSU,P07196,,,,138.4386,,,
NGAL (lipocalin-2) [NSU],200,NGAL (lipocalin-2),nEL02961,200,NSU,P80188,,,,242.1506,,,
NGF beta [NSU],201,NGF beta,nEL01081,201,NSU,P01138,,,,125.4102,,,
NRG1 beta 1 [NSU],202,NRG1 beta 1,nEL02091,202,NSU,Q02297,,,,118.5295,,,
Oncostatin M (OSM) [NSU],203,Oncostatin M (OSM),nEL01511,203,NSU,P13725,,,,185.8461,,,
Osteoactivin (GPNMB) [NSU],204,Osteoactivin (GPNMB),nEL03081,204,NSU,Q14956,,,,178.5472,,,
Osteopontin (OPN) [NSU],205,Osteopontin (OPN),nEL02001,205,NSU,P10451,,,,210.446,,,
OX40 [NSU],206,OX40,nEL03211,206,NSU,P43489,,,,69.71946,,,
PCOLCE [NSU],207,PCOLCE,nEL03091,207,NSU,Q15113,,,,119.8853,,,
PCSK9 [NSU],208,PCSK9,nEL01551,208,NSU,Q8NBP7,,,,50.35798,,,
PD-1 [NSU],209,PD-1,nEL02971,209,NSU,Q15116,,,,137.7932,,,
PDGF-BB [NSU],210,PDGF-BB,nEL01091,210,NSU,P01127,,,,71.50737,,,
PD-L1 (B7-H1) [NSU],211,PD-L1 (B7-H1),nEL03401,211,NSU,Q9NZQ7,,,,155.5444,,,
PD-L2 [NSU],212,PD-L2,nEL03291,212,NSU,Q9BQ51,,,,250.5483,,,
PGLYRP1 (PGRP-S) [NSU],213,PGLYRP1 (PGRP-S),nEL02611,213,NSU,O75594,,,,90.91799,,,
PlGF [NSU],214,PlGF,nEL01101,214,NSU,P49763,,,,131.4435,,,
Prolargin [NSU],215,Prolargin,nEL02931,215,NSU,P51888,,,,56.52354,,,
PTX3 [NSU],216,PTX3,nEL01561,216,NSU,P26022,,,,100.0217,,,
Resistin [NSU],217,Resistin,nEL01991,217,NSU,Q9HD89,,,,147.4189,,,
SAA [NSU],218,SAA,nEL01111,218,NSU,P0DJI8,,,,121.226,,,
SCF [NSU],219,SCF,nEL01121,219,NSU,P21583,,,,363.4523,,,
SLAMF1 (CD150) [NSU],220,SLAMF1 (CD150),nEL03031,220,NSU,Q13291,,,,31.74356,,,
TACI [NSU],221,TACI,nEL02551,221,NSU,O14836,,,,172.0615,,,
TGF-beta 1 (LAP) [NSU],222,TGF-beta 1 (LAP),nEL02281,222,NSU,P01137,,,,177.9176,,,
TGF-beta 1 (total) [NSU],223,TGF-beta 1 (total),nEL01132,223,NSU,P01137,,,,81.41652,,,
TGF-beta 2 [NSU],224,TGF-beta 2,nEL01481,224,NSU,P61812,,,,129.354,,,
TGF-beta 3 [NSU],225,TGF-beta 3,nEL01491,225,NSU,P10600,,,,140.3189,,,
TGF-beta R1 (ALK5) [NSU],226,TGF-beta R1 (ALK5),nEL02701,226,NSU,P36897,,,,60.16043,,,
TGF-beta R2 [NSU],227,TGF-beta R2,nEL02711,227,NSU,P37173,,,,125.3032,,,
TGF-beta R3 [NSU],228,TGF-beta R3,nEL02981,228,NSU,Q03167,,,,79.03948,,,
TGFBI (beta ig-h3) [NSU],229,TGFBI (beta ig-h3),nEL03121,229,NSU,Q15582,,,,94.47353,,,
Thrombomodulin [NSU],230,Thrombomodulin,nEL02631,230,NSU,P07204,,,,99.59325,,,
Tie-2 [NSU],231,Tie-2,nEL01141,231,NSU,Q02763,,,,126.1199,,,
TIMP1 [NSU],232,TIMP1,nEL01911,232,NSU,P01033,,,,114.8074,,,
TIMP2 [NSU],233,TIMP2,nEL02781,233,NSU,P16035,,,,108.587,,,
TIMP4 [NSU],234,TIMP4,nEL03271,234,NSU,Q99727,,,,114.825,,,
Tissue Factor (TF) [NSU],235,Tissue Factor (TF),nEL01411,235,NSU,P13726,,,,66.00707,,,
TLR2 [NSU],236,TLR2,nEL02581,236,NSU,O60603,,,,143.5902,,,
TNF alpha [NSU],237,TNF alpha,nEL01152,237,NSU,P01375,,,,316.9943,,,
TNF beta [NSU],238,TNF beta,nEL01161,238,NSU,P01374,,,,35.8562,,,
TNF R1 [NSU],239,TNF R1,nEL01171,239,NSU,P19438,,,,551.6065,,,
TNF R2 [NSU],240,TNF R2,nEL01181,240,NSU,P20333,,,,226.2459,,,
TNF R3 [NSU],241,TNF R3,nEL01191,241,NSU,P36941,,,,285.1128,,,
TNFRSF9 (4-1BB) [NSU],242,TNFRSF9 (4-1BB),nEL03001,242,NSU,Q07011,,,,205.3876,,,
TPO [NSU],243,TPO,nEL01201,243,NSU,P40225,,,,124.1444,,,
TRAIL [NSU],244,TRAIL,nEL01211,244,NSU,P50591,,,,68.82462,,,
TREM1 [NSU],245,TREM1,nEL03381,245,NSU,Q9NP99,,,,303.4904,,,
TREM2 [NSU],246,TREM2,nEL01571,246,NSU,Q9NZC2,,,,202.8036,,,
TSLP [NSU],247,TSLP,nEL01221,247,NSU,Q969D9,,,,133.682,,,
TWEAK [NSU],248,TWEAK,nEL01231,248,NSU,O43508,,,,181.1221,,,
TWEAK R (CD266) [NSU],249,TWEAK R (CD266),nEL03361,249,NSU,Q9NP84,,,,81.9761,,,
uPA [NSU],250,uPA,nEL01581,250,NSU,P00749,,,,123.4248,,,
uPA R [NSU],251,uPA R,nEL02991,251,NSU,Q03405,,,,123.5981,,,
VCAM-1 [NSU],252,VCAM-1,nEL01241,252,NSU,P19320,,,,254.9769,,,
VEGF-A (165) [NSU],253,VEGF-A (165),nEL01252,253,NSU,P15692,,,,133.8892,,,
VEGF-C [NSU],254,VEGF-C,nEL01261,254,NSU,P49767,,,,107.3382,,,
VEGF-D [NSU],255,VEGF-D,nEL01271,255,NSU,O43915,,,,184.6133,,,
VEGF R1 [NSU],256,VEGF R1,nEL01281,256,NSU,P17948,,,,147.711,,,
VEGF R2 (Flk-1) [NSU],257,VEGF R2 (Flk-1),nEL01591,257,NSU,P35968,,,,180.4251,,,
VISTA [NSU],258,VISTA,nEL03331,258,NSU,Q9H7M9,,,,104.9191,,,
WIF-1 [NSU],259,WIF-1,nEL03491,259,NSU,Q9Y5W5,,,,115.3806,,,
WISP-1 (CCN4) [NSU],260,WISP-1 (CCN4),nEL02011,260,NSU,O95388,,,,106.2429,,,
Wnt-3a [NSU],261,Wnt-3a,nEL02941,261,NSU,P56704,,,,89.21248,,,
Wnt-5a [NSU],262,Wnt-5a,nEL03181,262,NSU,P41221,,,,299.93,,,
XCL1 (Lymphotactin) [NSU],263,XCL1 (Lymphotactin),nEL01621,263,NSU,P47992,,,,86.37613,,,
Activin A [pgML],264,Activin A,nEL01601,1,pgML,P08476,,,,,234.496375,564086.73979,
ADAM10 [pgML],265,ADAM10,nEL02541,2,pgML,O14672,,,,,1591.57863,2505135.721,
ADAM17 (TACE) [pgML],266,ADAM17 (TACE),nEL02951,3,pgML,P78536,,,,,1716.15024,2343335.5361,
ADAM28 [pgML],267,ADAM28,nEL03451,4,pgML,Q9UKQ2,,,,,11539.374,1859596.9857,
ADAM9 [pgML],268,ADAM9,nEL03051,5,pgML,Q13443,,,,,24.9303076,1549872.5755,
ADAM-TS 1 [pgML],269,ADAM-TS 1,nEL03441,6,pgML,Q9UHI8,,,,,77.7736295,4045508.7888,
ADAM-TS 5 [pgML],270,ADAM-TS 5,nEL03461,7,pgML,Q9UNA0,,,,,432.762893,1846418.3559,
Adiponectin [pgML],271,Adiponectin,nEL03131,8,pgML,Q15848,,,,,2497.28945,4368111.647,
AITRL (GITR Ligand) [pgML],272,AITRL (GITR Ligand),nEL01701,9,pgML,Q9UNG2,,,,,655.213071,1466188.2046,
ANGPT1 [pgML],273,ANGPT1,nEL03101,10,pgML,Q15389,,,,,87.065593,1286244.4103,
ANGPTL3 [pgML],274,ANGPTL3,nEL03471,11,pgML,Q9Y5C1,,,,,108.6347,708603.90259,
ANGPTL4 [pgML],275,ANGPTL4,nEL03311,12,pgML,Q9BY76,,,,,194.472439,1723468.8004,
ANGPTL7 [pgML],276,ANGPTL7,nEL02571,13,pgML,O43827,,,,,4786.97989,4226778.2607,
APP [pgML],277,APP,nEL02161,14,pgML,P05067,,,,,1251.75209,4509847.7831,
APRIL [pgML],278,APRIL,nEL00011,15,pgML,O75888,,,,,48.8854988,15274.512171,
AREG [pgML],279,AREG,nEL02061,16,pgML,P15514,,,,,19.5376119,31188.723708,
BAFF [pgML],280,BAFF,nEL00021,17,pgML,Q9Y275,,,,,3546.06143,3545625.3395,
BCMA [pgML],281,BCMA,nEL02051,18,pgML,Q02223,,,,,27.1335779,866617.37103,
BMP2 [pgML],282,BMP2,nEL01651,19,pgML,P12643,,,,,113.162472,51713.772452,
BMP3 [pgML],283,BMP3,nEL01661,20,pgML,P12645,,,,,10881.4726,2062471.154,
BMP4 [pgML],284,BMP4,nEL01671,21,pgML,P12644,,,,,17.2046177,159293.88867,
BMP6 [pgML],285,BMP6,nEL01681,22,pgML,P22004,,,,,3847.71654,2200090.2725,
BMP7 [pgML],286,BMP7,nEL01691,23,pgML,P18075,,,,,620.629521,3510968.4151,
BMP9 [pgML],287,BMP9,nEL02071,24,pgML,Q9UK05,,,,,6.11459859,383269.04561,
Brevican [pgML],288,Brevican,nEL03251,25,pgML,Q96GW7,,,,,229.311914,1662391.2045,
C5/C5a [pgML],289,C5/C5a,nEL01951,26,pgML,P01031,,,,,2.11092947,329462.14705,
Calbindin [pgML],290,Calbindin,nEL01311,27,pgML,P05937,,,,,201.239602,3179441.8231,
CCL11 [pgML],291,CCL11,nEL00111,28,pgML,P51671,,,,,10.382731,2207.7437767,
CCL13 [pgML],292,CCL13,nEL00122,29,pgML,Q99616,,,,,2.08888689,5588.7827,
CCL14 [pgML],293,CCL14,nEL00131,30,pgML,Q16627,,,,,10.1512261,6494.2848314,
CCL15 [pgML],294,CCL15,nEL00141,31,pgML,Q16663,,,,,1.72296127,790611.67531,
CCL16 [pgML],295,CCL16,nEL00151,32,pgML,O15467,,,,,24.9744114,12477.114922,
CCL17 [pgML],296,CCL17,nEL00161,33,pgML,Q92583,,,,,9.65685849,4301.1902016,
CCL18 [pgML],297,CCL18,nEL00172,34,pgML,P55774,,,,,1.98305254,17088.133942,
CCL19 [pgML],298,CCL19,nEL00181,35,pgML,Q99731,,,,,5.52962945,106161.20676,
CCL2 [pgML],299,CCL2,nEL00051,36,pgML,P13500,,,,,3.46579068,10219.536354,
CCL20 [pgML],300,CCL20,nEL00191,37,pgML,P78556,,,,,24.5403711,19437.078342,
CCL21 [pgML],301,CCL21,nEL00201,38,pgML,O00585,,,,,198.513547,1349532.774,
CCL23 [pgML],302,CCL23,nEL00221,39,pgML,P55773,,,,,85.8935143,229925.74197,
CCL24 [pgML],303,CCL24,nEL00231,40,pgML,O00175,,,,,6.81073579,96685.607616,
CCL25 [pgML],304,CCL25,nEL00241,41,pgML,O15444,,,,,216.085117,152535.97492,
CCL27 [pgML],305,CCL27,nEL00261,42,pgML,Q9Y4X3,,,,,327.318338,331240.3859,
CCL28 [pgML],306,CCL28,nEL00271,43,pgML,Q9NRJ3,,,,,127.051493,560455.61436,
CCL3 [pgML],307,CCL3,nEL00061,44,pgML,P10147,,,,,1.07663172,25283.748299,
CCL4 [pgML],308,CCL4,nEL00071,45,pgML,P13236,,,,,2.4154721,684231.01291,
CCL5 [pgML],309,CCL5,nEL00081,46,pgML,P13501,,,,,1.11251256,7524.1721961,
CCL7 [pgML],310,CCL7,nEL00091,47,pgML,P80098,,,,,3.50116926,10674.753369,
CD14 [pgML],311,CD14,nEL02251,48,pgML,P08571,,,,,184.885483,730459.76588,
CD163 [pgML],312,CD163,nEL01471,49,pgML,Q86VB7,,,,,12756.9883,3653944.3257,
CD209 antigen [pgML],313,CD209 antigen,nEL03351,50,pgML,Q9NNX6,,,,,240.863859,1330755.8946,
CD276 (B7-H3) [pgML],314,CD276 (B7-H3),nEL01321,51,pgML,Q5ZPR3,,,,,661.911917,1600543.1077,
CD27L [pgML],315,CD27L,nEL01751,52,pgML,P32970,,,,,1093.5559,5081530.3702,
CD40L [pgML],316,CD40L,nEL00291,53,pgML,P29965,,,,,14.8284009,427174.59485,
CD80 (B7-1) [pgML],317,CD80 (B7-1),nEL02911,54,pgML,P33681,,,,,149.613301,1341024.607,
CD86 (B7-2) [pgML],318,CD86 (B7-2),nEL03191,55,pgML,P42081,,,,,243.909354,2358181.3008,
CHI3L1 [pgML],319,CHI3L1,nEL02681,56,pgML,P36222,,,,,142.191819,193607.49118,
Chymase [pgML],320,Chymase,nEL02851,57,pgML,P23946,,,,,6713.04124,276803.40245,
CLC [pgML],321,CLC,nEL03411,58,pgML,Q9UBD9,,,,,2317.24549,2879562.5454,
CNTF [pgML],322,CNTF,nEL02041,59,pgML,P26441,,,,,256.076219,2514406.0494,
CRP [pgML],323,CRP,nEL00301,60,pgML,P02741,,,,,44.6606304,516017.27872,
CX3CL1 [pgML],324,CX3CL1,nEL00491,61,pgML,P78423,,,,,629.964267,1556648.2813,
CXCL1 [pgML],325,CXCL1,nEL00311,62,pgML,P09341,,,,,20.8118444,424624.9087,
CXCL10 [pgML],326,CXCL10,nEL00391,63,pgML,P02778,,,,,50.031054,35629.801202,
CXCL11 [pgML],327,CXCL11,nEL00401,64,pgML,O14625,,,,,36.6554791,25080.86573,
CXCL12 (alpha) [pgML],328,CXCL12 (alpha),nEL00411,65,pgML,P48061,,,,,16.1491648,53917.304515,
CXCL12 (beta) [pgML],329,CXCL12 (beta),nEL02271,66,pgML,P48061,,,,,28.4296015,308577.39416,
CXCL13 [pgML],330,CXCL13,nEL00421,67,pgML,O43927,,,,,19.3697004,5066.6640985,
CXCL14 [pgML],331,CXCL14,nEL00431,68,pgML,O95715,,,,,1560.93768,240919.05785,
CXCL16 [pgML],332,CXCL16,nEL00441,69,pgML,Q9H2A7,,,,,10.1759589,269537.9532,
CXCL17 [pgML],333,CXCL17,nEL00452,70,pgML,Q6UXB2,,,,,362.8937,324984.44535,
CXCL3 [pgML],334,CXCL3,nEL00331,71,pgML,P19876,,,,,5.23862068,18274.781786,
CXCL4 [pgML],335,CXCL4,nEL00341,72,pgML,P02776,,,,,127.08586,637671.69563,
CXCL5 [pgML],336,CXCL5,nEL00351,73,pgML,P42830,,,,,6.29968243,87553.821339,
CXCL6 [pgML],337,CXCL6,nEL00361,74,pgML,P80162,,,,,32.2476504,17481.32896,
CXCL7 [pgML],338,CXCL7,nEL00371,75,pgML,P02775,,,,,10.9973515,48807.765248,
CXCL9 [pgML],339,CXCL9,nEL00381,76,pgML,Q07325,,,,,252.289548,345214.64754,
Cytochrome C [pgML],340,Cytochrome C,nEL02211,77,pgML,P99999,,,,,1008.46392,4096405.3883,
Decorin [pgML],341,Decorin,nEL02641,78,pgML,P07585,,,,,27.0777102,142233.25186,
DPP4 (CD26) [pgML],342,DPP4 (CD26),nEL02891,79,pgML,P27487,,,,,6966.63175,4307074.176,
DR3 [pgML],343,DR3,nEL03371,80,pgML,Q93038,,,,,4307.55222,4271086.8195,
DR4 (TRAIL R1) [pgML],344,DR4 (TRAIL R1),nEL02531,81,pgML,O00220,,,,,955.624353,3809576.1767,
DR6 [pgML],345,DR6,nEL02601,82,pgML,O75509,,,,,3.4782347,339270.97281,
ECM1 [pgML],346,ECM1,nEL03141,83,pgML,Q16610,,,,,69.261691,784601.86336,
EGF [pgML],347,EGF,nEL00461,84,pgML,P01133,,,,,3.50732205,89554.922686,
EGFR [pgML],348,EGFR,nEL01801,85,pgML,P00533,,,,,39.256603,1944544.8689,
ELA2 [pgML],349,ELA2,nEL02661,86,pgML,P08246,,,,,44.8096406,774028.62597,
EMMPRIN [pgML],350,EMMPRIN,nEL01351,87,pgML,P35613,,,,,263.605112,2911507.0953,
Endoglin (CD105) [pgML],351,Endoglin (CD105),nEL02801,88,pgML,P17813,,,,,388.288126,1729673.7715,
E-Selectin (CD62E) [pgML],352,E-Selectin (CD62E),nEL02791,89,pgML,P16581,,,,,967.694394,4256478.4911,
FAS [pgML],353,FAS,nEL02881,90,pgML,P25445,,,,,470.572197,3593437.878,
FAS-L [pgML],354,FAS-L,nEL01721,91,pgML,P48023,,,,,18.9713154,1736096.8089,
Fetuin-B [pgML],355,Fetuin-B,nEL03421,92,pgML,Q9UGM5,,,,,452.61794,781534.54739,
FGF-1 [pgML],356,FGF-1,nEL00471,93,pgML,P05230,,,,,726.432058,1057028.2711,
FGF-19 [pgML],357,FGF-19,nEL02141,94,pgML,O95750,,,,,37.7104175,541597.37158,
FGF-2 [pgML],358,FGF-2,nEL00481,95,pgML,P09038,,,,,140.231158,221103.80862,
FGF-21 [pgML],359,FGF-21,nEL02191,96,pgML,Q9NSA1,,,,,100.337037,3971964.3514,
FGF-4 [pgML],360,FGF-4,nEL02101,97,pgML,P08620,,,,,51.0489774,47607.333757,
FGF-6 [pgML],361,FGF-6,nEL02111,98,pgML,P10767,,,,,43.8538869,67387.065518,
FGF-7 (KGF) [pgML],362,FGF-7 (KGF),nEL02131,99,pgML,P21781,,,,,6.49597296,20602.673465,
FGF-9 [pgML],363,FGF-9,nEL02121,100,pgML,P31371,,,,,33.1135625,220534.62543,
FGFR3 (IIIc) [pgML],364,FGFR3 (IIIc),nEL01362,101,pgML,P22607,,,,,476.062675,497722.50522,
Fibulin-3 [pgML],365,Fibulin-3,nEL03021,102,pgML,Q12805,,,,,115.950648,2665770.7172,
Ficolin-2 [pgML],366,Ficolin-2,nEL03111,103,pgML,Q15485,,,,,179.519737,1730578.7154,
FLRG (FSTL3) [pgML],367,FLRG (FSTL3),nEL02021,104,pgML,O95633,,,,,68.2697976,561808.09688,
Flt-3 [pgML],368,Flt-3,nEL02691,105,pgML,P36888,,,,,2570.66444,4306873.2983,
Flt-3 Ligand [pgML],369,Flt-3 Ligand,nEL01771,106,pgML,P49771,,,,,25.0533473,631477.05947,
Galectin-1 [pgML],370,Galectin-1,nEL02721,107,pgML,P09382,,,,,5805.19938,4090918.7509,
Galectin-3 [pgML],371,Galectin-3,nEL02811,108,pgML,P17931,,,,,319.959604,431544.87041,
Galectin-9 [pgML],372,Galectin-9,nEL02521,109,pgML,O00182,,,,,1037.38239,1397549.1431,
GAS6 [pgML],373,GAS6,nEL03071,110,pgML,Q14393,,,,,242.649522,2634026.4071,
G-CSF [pgML],374,G-CSF,nEL00501,111,pgML,P09919,,,,,40.223497,131568.35749,
GDF-11 (BMP-11) [pgML],375,GDF-11 (BMP-11),nEL01791,112,pgML,O95390,,,,,736.361113,2873382.6729,
GDF-15 (MIC-1) [pgML],376,GDF-15 (MIC-1),nEL01981,113,pgML,Q99988,,,,,10.1822367,191089.98985,
GDNF [pgML],377,GDNF,nEL02031,114,pgML,P39905,,,,,7.57052815,97784.027744,
GH1 [pgML],378,GH1,nEL01421,115,pgML,P01241,,,,,52.3156088,1797372.4711,
GITR [pgML],379,GITR,nEL03481,116,pgML,Q9Y5U5,,,,,3513.35011,2026913.1658,
GM-CSF [pgML],380,GM-CSF,nEL00511,117,pgML,P04141,,,,,37.9848973,680146.86194,
Granzyme B [pgML],381,Granzyme B,nEL00531,118,pgML,P10144,,,,,10836.1784,3315651.941,
HGF [pgML],382,HGF,nEL00542,119,pgML,P14210,,,,,66.2244664,1967240.7772,
HGF R (c-MET) [pgML],383,HGF R (c-MET),nEL02671,120,pgML,P08581,,,,,175.728187,563893.42759,
HVEM [pgML],384,HVEM,nEL00551,121,pgML,Q92956,,,,,44.664694,1906029.3672,
ICAM-1 [pgML],385,ICAM-1,nEL00561,122,pgML,P05362,,,,,277.806243,1354814.9064,
ICAM-2 [pgML],386,ICAM-2,nEL00571,123,pgML,P13598,,,,,1733.80422,4597120.888,
ICOSL (B7-H2) [pgML],387,ICOSL (B7-H2),nEL02591,124,pgML,O75144,,,,,114.559784,372956.67554,
IFN alpha 2 [pgML],388,IFN alpha 2,nEL01761,125,pgML,P01563,,,,,41.3681443,215910.30818,
IFN beta [pgML],389,IFN beta,nEL00591,126,pgML,P01574,,,,,44.4516329,114801.84452,
IFN-epsilon [pgML],390,IFN-epsilon,nEL02221,127,pgML,Q86WN2,,,,,1238.97515,2379773.8888,
IFN gamma [pgML],391,IFN gamma,nEL00603,128,pgML,P01579,,,,,10.9811824,154095.75826,
IGF-1 [pgML],392,IGF-1,nEL01731,129,pgML,P05019,,,,,1499.51864,231823.93367,
IGFBP-3 [pgML],393,IGFBP-3,nEL02821,130,pgML,P17936,,,,,218.275521,694951.7216,
IGFBP-6 [pgML],394,IGFBP-6,nEL02871,131,pgML,P24592,,,,,27.8039571,553986.02273,
IL-10 [pgML],395,IL-10,nEL00742,132,pgML,P22301,,,,,14.8209657,3295775.1419,
IL-10 RB [pgML],396,IL-10 RB,nEL03011,133,pgML,Q08334,,,,,180.158966,1589895.0694,
IL-11 [pgML],397,IL-11,nEL01641,134,pgML,P20809,,,,,8.45207584,3152772.804,
IL-12 p35 [pgML],398,IL-12 p35,nEL02311,135,pgML,P29459,,,,,45.6426611,1306769.9237,
IL-12 p40 [pgML],399,IL-12 p40,nEL00752,136,pgML,P29460,,,,,2.9450785,36535.786872,
IL-12 p70 [pgML],400,IL-12 p70,nEL00761,137,pgML,P29459,,,,,31.4580229,321388.44827,
IL-12 RB [pgML],401,IL-12 RB,nEL03201,138,pgML,P42701,,,,,645.5259,1433806.6446,
IL-13 [pgML],402,IL-13,nEL02511,139,pgML,P35225,,,,,62.6405706,189168.43263,
IL-15 [pgML],403,IL-15,nEL00781,140,pgML,P40933,,,,,32.1938105,645712.63665,
IL-15/IL-15RA complex [pgML],404,IL-15/IL-15RA complex,nEL01781,141,pgML,P40933,,,,,73.6991362,1703192.7333,
IL-16 [pgML],405,IL-16,nEL00791,142,pgML,Q14005,,,,,18.1773296,1133710.1322,
IL-17A [pgML],406,IL-17A,nEL00801,143,pgML,Q16552,,,,,46.7508651,1276954.09,
IL-17B [pgML],407,IL-17B,nEL00811,144,pgML,Q9UHF5,,,,,166.510975,270919.94749,
IL-17C [pgML],408,IL-17C,nEL00821,145,pgML,Q9P0M4,,,,,152.306305,2806202.1221,
IL-17D [pgML],409,IL-17D,nEL00831,146,pgML,Q8TAD2,,,,,49.5981549,233898.98238,
IL-17E (IL-25) [pgML],410,IL-17E (IL-25),nEL02261,147,pgML,Q9H293,,,,,31.8427118,4812167.5998,
IL-17F [pgML],411,IL-17F,nEL00841,148,pgML,Q96PD4,,,,,7.8113974,2682222.2585,
IL-18 [pgML],412,IL-18,nEL00621,149,pgML,Q14116,,,,,50.0559001,342611.55863,
IL-1 alpha [pgML],413,IL-1 alpha,nEL00612,150,pgML,P01583,,,,,4.15239596,392004.09069,
IL-1 beta [pgML],414,IL-1 beta,nEL00852,151,pgML,P01584,,,,,5.6805868,43240.092153,
IL-1 RA [pgML],415,IL-1 RA,nEL00641,152,pgML,P14778,,,,,140.597705,1688534.4694,
IL-1 RAcP [pgML],416,IL-1 RAcP,nEL03391,153,pgML,Q9NPH3,,,,,420.95242,2945039.1713,
IL-1 RA/RN [pgML],417,IL-1 RA/RN,nEL00631,154,pgML,P18510,,,,,84.4777295,912807.77484,
IL-1 RB [pgML],418,IL-1 RB,nEL02901,155,pgML,P27930,,,,,184.285272,1409479.2389,
IL-2 [pgML],419,IL-2,nEL00651,156,pgML,P60568,,,,,9.81888173,155990.95716,
IL-21 [pgML],420,IL-21,nEL00871,157,pgML,Q9HBE4,,,,,1.10617414,30795.045774,
IL-22 [pgML],421,IL-22,nEL00881,158,pgML,Q9GZX6,,,,,32.2298256,126523.67613,
IL-22 BP [pgML],422,IL-22 BP,nEL00891,159,pgML,Q969J5,,,,,5015.89867,307391.76665,
IL-23 [pgML],423,IL-23,nEL00901,160,pgML,Q9NPF7,,,,,72.8718816,2382016.2425,
IL-24 [pgML],424,IL-24,nEL01611,161,pgML,Q13007,,,,,75.475313,3046051.765,
IL-27 [pgML],425,IL-27,nEL00911,162,pgML,Q8NEV9,,,,,24.5598817,382307.52212,
IL-28A [pgML],426,IL-28A,nEL00921,163,pgML,Q8IZJ0,,,,,13.6268105,1051788.3891,
IL-29 [pgML],427,IL-29,nEL00931,164,pgML,Q8IU54,,,,,278.616297,2355877.3352,
IL-2 RA (CD25) [pgML],428,IL-2 RA (CD25),nEL00661,165,pgML,P01589,,,,,115.426609,1576043.8089,
IL-3 [pgML],429,IL-3,nEL00671,166,pgML,P08700,,,,,780.53152,510500.59506,
IL-31 [pgML],430,IL-31,nEL00941,167,pgML,Q6EBC2,,,,,30.1288608,4171357.3905,
IL-32 [pgML],431,IL-32,nEL00951,168,pgML,P24001,,,,,274.568748,1697051.3875,
IL-33 [pgML],432,IL-33,nEL00961,169,pgML,O95760,,,,,89.1671296,1850494.4795,
IL-33 R (ST2) [pgML],433,IL-33 R (ST2),nEL02181,170,pgML,Q01638,,,,,100.818614,146337.3242,
IL-35 [pgML],434,IL-35,nEL00971,171,pgML,Q14213,,,,,853.014739,3539281.5279,
IL-36 alpha [pgML],435,IL-36 alpha,nEL03431,172,pgML,Q9UHA7,,,,,18.2754434,342085.43993,
IL-36 R [pgML],436,IL-36 R,nEL03341,173,pgML,Q9HB29,,,,,1172.00283,4248904.067,
IL-4 [pgML],437,IL-4,nEL00682,174,pgML,P05112,,,,,2.42497947,98061.306143,
IL-4 RA [pgML],438,IL-4 RA,nEL02861,175,pgML,P24394,,,,,11.1330912,227780.29399,
IL-5 [pgML],439,IL-5,nEL00691,176,pgML,P05113,,,,,19.8156468,170932.79592,
IL-6 [pgML],440,IL-6,nEL00702,177,pgML,P05231,,,,,11.640854,390053.74129,
IL-6 RA (gp80) [pgML],441,IL-6 RA (gp80),nEL01521,178,pgML,P08887,,,,,17.9071421,246115.7662,
IL-7 [pgML],442,IL-7,nEL00711,179,pgML,P13232,,,,,2.5778646,21209.291419,
IL-8 [pgML],443,IL-8,nEL00722,180,pgML,P10145,,,,,0.678634881,12404.682763,
IL-9 [pgML],444,IL-9,nEL00731,181,pgML,P15248,,,,,606.51227,4076164.6278,
Kit (CD117) [pgML],445,Kit (CD117),nEL02741,182,pgML,P10721,,,,,125.770259,3056965.1083,
Leptin [pgML],446,Leptin,nEL01631,183,pgML,P41159,,,,,75.1508333,571390.27278,
LIF [pgML],447,LIF,nEL00981,184,pgML,P15018,,,,,9.35692022,320159.19629,
LOX1 (OLR1) [pgML],448,LOX1 (OLR1),nEL01541,185,pgML,P78380,,,,,29.9497629,1248190.8104,
L-selectin (CD62L) [pgML],449,L-selectin (CD62L),nEL02771,186,pgML,P14151,,,,,295.531954,2365478.3324,
MBP-C [pgML],450,MBP-C,nEL02751,187,pgML,P11226,,,,,36.0613188,979363.33607,
M-CSF [pgML],451,M-CSF,nEL00992,188,pgML,P09603,,,,,4.36701544,497261.07419,
M-CSF R (CD115) [pgML],452,M-CSF R (CD115),nEL01961,189,pgML,P07333,,,,,1028.26639,3988433.4153,
Mesothelin [pgML],453,Mesothelin,nEL01381,190,pgML,Q13421,,,,,292.163427,4515250.3548,
MIF [pgML],454,MIF,nEL01001,191,pgML,P14174,,,,,53.2885036,830779.13888,
MMP-1 [pgML],455,MMP-1,nEL01011,192,pgML,P03956,,,,,4.86290703,336493.2725,
MMP-10 [pgML],456,MMP-10,nEL01061,193,pgML,P09238,,,,,213.336399,2764225.8434,
MMP-12 [pgML],457,MMP-12,nEL01071,194,pgML,P39900,,,,,24.0665849,188512.13934,
MMP-13 [pgML],458,MMP-13,nEL03221,195,pgML,P45452,,,,,93.4116784,559564.30955,
MMP-3 [pgML],459,MMP-3,nEL01031,196,pgML,P08254,,,,,23.6428273,1870023.587,
MMP-7 [pgML],460,MMP-7,nEL01041,197,pgML,P09237,,,,,42.3526148,1221154.4541,
MMP-9 [pgML],461,MMP-9,nEL01051,198,pgML,P14780,,,,,658.519098,2524703.9199,
NF-L [pgML],462,NF-L,nEL02151,199,pgML,P07196,,,,,641.803392,1123742.4061,
NGAL (lipocalin-2) [pgML],463,NGAL (lipocalin-2),nEL02961,200,pgML,P80188,,,,,7.94746817,755918.83394,
NGF beta [pgML],464,NGF beta,nEL01081,201,pgML,P01138,,,,,7.32801339,55062.797609,
NRG1 beta 1 [pgML],465,NRG1 beta 1,nEL02091,202,pgML,Q02297,,,,,399.448004,271203.95572,
Oncostatin M (OSM) [pgML],466,Oncostatin M (OSM),nEL01511,203,pgML,P13725,,,,,12.8335999,203444.95617,
Osteoactivin (GPNMB) [pgML],467,Osteoactivin (GPNMB),nEL03081,204,pgML,Q14956,,,,,140.494834,2862105.1804,
Osteopontin (OPN) [pgML],468,Osteopontin (OPN),nEL02001,205,pgML,P10451,,,,,222.722615,3010100.2472,
OX40 [pgML],469,OX40,nEL03211,206,pgML,P43489,,,,,445.019469,2094706.7033,
PCOLCE [pgML],470,PCOLCE,nEL03091,207,pgML,Q15113,,,,,43.1034926,712216.27415,
PCSK9 [pgML],471,PCSK9,nEL01551,208,pgML,Q8NBP7,,,,,5813.82173,3353748.125,
PD-1 [pgML],472,PD-1,nEL02971,209,pgML,Q15116,,,,,83.606194,1804439.3282,
PDGF-BB [pgML],473,PDGF-BB,nEL01091,210,pgML,P01127,,,,,126.968896,55325.777199,
PD-L1 (B7-H1) [pgML],474,PD-L1 (B7-H1),nEL03401,211,pgML,Q9NZQ7,,,,,751.924815,4277644.3285,
PD-L2 [pgML],475,PD-L2,nEL03291,212,pgML,Q9BQ51,,,,,922.870707,4852689.5387,
PGLYRP1 (PGRP-S) [pgML],476,PGLYRP1 (PGRP-S),nEL02611,213,pgML,O75594,,,,,1.86052186,11642.923621,
PlGF [pgML],477,PlGF,nEL01101,214,pgML,P49763,,,,,42.5262426,527259.19241,
Prolargin [pgML],478,Prolargin,nEL02931,215,pgML,P51888,,,,,505.192181,287880.4279,
PTX3 [pgML],479,PTX3,nEL01561,216,pgML,P26022,,,,,310.537324,2910121.3779,
Resistin [pgML],480,Resistin,nEL01991,217,pgML,Q9HD89,,,,,171.677965,2267494.4374,
SAA [pgML],481,SAA,nEL01111,218,pgML,P0DJI8,,,,,1598.31158,3098986.0639,
SCF [pgML],482,SCF,nEL01121,219,pgML,P21583,,,,,27.1930066,3874967.1747,
SLAMF1 (CD150) [pgML],483,SLAMF1 (CD150),nEL03031,220,pgML,Q13291,,,,,803.360777,113798.58063,
TACI [pgML],484,TACI,nEL02551,221,pgML,O14836,,,,,92.6095352,1400787.5232,
TGF-beta 1 (LAP) [pgML],485,TGF-beta 1 (LAP),nEL02281,222,pgML,P01137,,,,,56.6871284,2351499.4179,
TGF-beta 1 (total) [pgML],486,TGF-beta 1 (total),nEL01132,223,pgML,P01137,,,,,12.3936863,36152.633143,
TGF-beta 2 [pgML],487,TGF-beta 2,nEL01481,224,pgML,P61812,,,,,80.2805,144161.7305,
TGF-beta 3 [pgML],488,TGF-beta 3,nEL01491,225,pgML,P10600,,,,,61.4122002,860000.53586,
TGF-beta R1 (ALK5) [pgML],489,TGF-beta R1 (ALK5),nEL02701,226,pgML,P36897,,,,,3084.92432,3165961.0394,
TGF-beta R2 [pgML],490,TGF-beta R2,nEL02711,227,pgML,P37173,,,,,73.696401,1765533.516,
TGF-beta R3 [pgML],491,TGF-beta R3,nEL02981,228,pgML,Q03167,,,,,4587.03171,324073.9601,
TGFBI (beta ig-h3) [pgML],492,TGFBI (beta ig-h3),nEL03121,229,pgML,Q15582,,,,,242.333933,790607.87746,
Thrombomodulin [pgML],493,Thrombomodulin,nEL02631,230,pgML,P07204,,,,,271.416478,1481021.9347,
Tie-2 [pgML],494,Tie-2,nEL01141,231,pgML,Q02763,,,,,860.101915,3299950.4074,
TIMP1 [pgML],495,TIMP1,nEL01911,232,pgML,P01033,,,,,29.9549282,214497.95201,
TIMP2 [pgML],496,TIMP2,nEL02781,233,pgML,P16035,,,,,48.9473314,227727.47675,
TIMP4 [pgML],497,TIMP4,nEL03271,234,pgML,Q99727,,,,,136.505674,1105130.5983,
Tissue Factor (TF) [pgML],498,Tissue Factor (TF),nEL01411,235,pgML,P13726,,,,,100.655607,610714.53409,
TLR2 [pgML],499,TLR2,nEL02581,236,pgML,O60603,,,,,665.088345,3895327.1131,
TNF alpha [pgML],500,TNF alpha,nEL01152,237,pgML,P01375,,,,,25.4099263,1778191.4309,
TNF beta [pgML],501,TNF beta,nEL01161,238,pgML,P01374,,,,,31.3750199,45998.763201,
TNF R1 [pgML],502,TNF R1,nEL01171,239,pgML,P19438,,,,,32.8441289,3336600.869,
TNF R2 [pgML],503,TNF R2,nEL01181,240,pgML,P20333,,,,,15.6033793,829982.65372,
TNF R3 [pgML],504,TNF R3,nEL01191,241,pgML,P36941,,,,,61.1279421,3431854.1601,
TNFRSF9 (4-1BB) [pgML],505,TNFRSF9 (4-1BB),nEL03001,242,pgML,Q07011,,,,,10.3396846,1665631.0183,
TPO [pgML],506,TPO,nEL01201,243,pgML,P40225,,,,,426.058916,983066.14014,
TRAIL [pgML],507,TRAIL,nEL01211,244,pgML,P50591,,,,,1044.20091,1516972.9252,
TREM1 [pgML],508,TREM1,nEL03381,245,pgML,Q9NP99,,,,,108.651258,3658365.0326,
TREM2 [pgML],509,TREM2,nEL01571,246,pgML,Q9NZC2,,,,,2663.1388,5102863.7984,
TSLP [pgML],510,TSLP,nEL01221,247,pgML,Q969D9,,,,,0.82500808,25071.023204,
TWEAK [pgML],511,TWEAK,nEL01231,248,pgML,O43508,,,,,349.812074,1476782.676,
TWEAK R (CD266) [pgML],512,TWEAK R (CD266),nEL03361,249,pgML,Q9NP84,,,,,396.128438,1643004.3785,
uPA [pgML],513,uPA,nEL01581,250,pgML,P00749,,,,,780.028892,3783233.3998,
uPA R [pgML],514,uPA R,nEL02991,251,pgML,Q03405,,,,,337.090383,3313846.4346,
VCAM-1 [pgML],515,VCAM-1,nEL01241,252,pgML,P19320,,,,,495.129053,4327404.3029,
VEGF-A (165) [pgML],516,VEGF-A (165),nEL01252,253,pgML,P15692,,,,,2.70165707,35617.558596,
VEGF-C [pgML],517,VEGF-C,nEL01261,254,pgML,P49767,,,,,2898.84447,2450962.5343,
VEGF-D [pgML],518,VEGF-D,nEL01271,255,pgML,O43915,,,,,124.51368,1367354.2836,
VEGF R1 [pgML],519,VEGF R1,nEL01281,256,pgML,P17948,,,,,3015.08709,4172577.6042,
VEGF R2 (Flk-1) [pgML],520,VEGF R2 (Flk-1),nEL01591,257,pgML,P35968,,,,,631.307792,3639313.6931,
VISTA [pgML],521,VISTA,nEL03331,258,pgML,Q9H7M9,,,,,500.87286,2473604.1797,
WIF-1 [pgML],522,WIF-1,nEL03491,259,pgML,Q9Y5W5,,,,,306.287587,1861047.6697,
WISP-1 (CCN4) [pgML],523,WISP-1 (CCN4),nEL02011,260,pgML,O95388,,,,,86.6260888,464136.56221,
Wnt-3a [pgML],524,Wnt-3a,nEL02941,261,pgML,P56704,,,,,8376.29001,4241193.1521,
Wnt-5a [pgML],525,Wnt-5a,nEL03181,262,pgML,P41221,,,,,754.494462,5012150.0252,
XCL1 (Lymphotactin) [pgML],526,XCL1 (Lymphotactin),nEL01621,263,pgML,P47992,,,,,70.4272768,174773.35577,
